k,Ang Fre,Er
0.052333333,18216.93608,0.01
0.104666667,19971.74392,0.01
0.157,21814.28964,0.01
0.209333333,23612.96328,0.01
0.261666667,25378.74228,0.01
0.314,27166.45104,0.01
